sd1,sd2
16.412074011769988,19.679005424155473
