sdnn,mrri,pnn50,mhr,rmssd,nn50
18.119318804134945,285.9617245930488,0,210.8525940219553,23.205204461165753,88
