sdnn,mrri,pnn50,mhr,rmssd,nn50
26.286414343800352,348.39195710455766,0,173.4022470852515,20.496885558459034,12
