sd1,sd2
14.496940981747684,34.23141627627508
