sdnn,mrri,pnn50,mhr,rmssd,nn50
12.163799048337957,297.14311842706906,0,202.3198751551431,15.355813440009994,32
