sd1,sd2
10.8605561998269,13.340327342576577
