sdnn,mrri,pnn50,mhr,rmssd,nn50
16.74392417526115,311.8402111324376,0,192.98938258577505,12.050541667855358,2
