sd1,sd2
8.523026772746631,22.092442332273578
