sdnn,mrri,pnn50,mhr,rmssd,nn50
14.199883014047513,291.55495737999104,0,206.44785501153856,19.511229101245586,51
