sd1,sd2
13.799438044417817,14.589340796744189
