sdnn,mrri,pnn50,mhr,rmssd,nn50
23.3233209285655,252.62052877138413,0,239.5720222742305,34.15001111906302,133
