sd1,sd2
24.15239385894282,22.463669984137145
