sdnn,mrri,pnn50,mhr,rmssd,nn50
93.95158858910655,320.56783423778984,0,207.91529262821405,156.5092240610423,955
