sd1,sd2
110.69605038753177,73.4859607369632
