sd1,sd2
12.118433505724628,17.468876889005397
