sdnn,mrri,pnn50,mhr,rmssd,nn50
15.0335972141716,304.04679457182965,0,197.99448439938888,17.13432829125523,71
