sd1,sd2
37.5960362987712,51.66104383956583
