sdnn,mrri,pnn50,mhr,rmssd,nn50
45.179228612118116,368.5587067498582,0,165.65111499416778,53.15386826648894,175
