sdnn,mrri,pnn50,mhr,rmssd,nn50
13.930184324987376,256.68680884676144,0,234.4878040293141,16.363644644786365,60
