sd1,sd2
11.573047442529335,15.942541941271887
