sd1,sd2
9.416838201745735,17.43831724830926
