sdnn,mrri,pnn50,mhr,rmssd,nn50
14.013774476752118,305.89642184557437,0,196.57287757668075,13.314345091276891,9
