sd1,sd2
5.448617446021347,10.322599129015874
