sdnn,mrri,pnn50,mhr,rmssd,nn50
8.253589669090882,255.9602205592753,0,234.68023873533735,7.704168736343052,6
