sd1,sd2
26.491749259408703,43.42415770835852
