sdnn,mrri,pnn50,mhr,rmssd,nn50
35.96852965790911,362.11364902506966,0,167.5861886204557,37.45463997612793,213
