sd1,sd2
40.02719064114327,55.29185009940254
