sdnn,mrri,pnn50,mhr,rmssd,nn50
48.26678297772303,345.8131985098457,0,176.93253351808534,56.59192903917366,144
