sd1,sd2
19.12322077977981,40.40864117486363
