sdnn,mrri,pnn50,mhr,rmssd,nn50
31.611357568056825,332.7982590885817,0,181.8876281022446,27.03749483678509,102
