sd1,sd2
33.03055833850222,21.763035169152584
