sdnn,mrri,pnn50,mhr,rmssd,nn50
27.970050803734438,269.46807628524044,0,225.3419861016235,46.70257649404454,322
