sdnn,mrri,pnn50,mhr,rmssd,nn50
16.656624338094485,423.4045602605863,0,142.00171766031758,14.374190074116587,3
