sd1,sd2
10.166804561485382,21.24905535992984
