sd1,sd2
28.55610146960273,37.5017849203287
