sdnn,mrri,pnn50,mhr,rmssd,nn50
33.33042756516064,285.22475856014046,0,213.29729209879622,40.37570048041453,239
