sdnn,mrri,pnn50,mhr,rmssd,nn50
92.90567457285408,327.0196275792652,0,200.54012234143153,167.88597440769058,1160
