sd1,sd2
118.74320973726746,56.240366970401595
