sdnn,mrri,pnn50,mhr,rmssd,nn50
30.489646679950955,348.8341384863124,0,173.5196891938021,14.17305199287352,6
