sd1,sd2
10.024435498079486,41.937427225347676
