sd1,sd2
5.258274078225105,20.310279874631053
