sdnn,mrri,pnn50,mhr,rmssd,nn50
14.835041537986626,262.4818255250404,0,229.3830766948111,7.435133631698365,1
