sdnn,mrri,pnn50,mhr,rmssd,nn50
44.546398021056646,427.9901185770751,0,142.22871971450928,39.95962860512749,210
