sd1,sd2
28.26474689562103,56.30157401198727
