sdnn,mrri,pnn50,mhr,rmssd,nn50
32.82961958003063,401.4058060531192,0,150.59471124099724,35.210658643039295,58
