sd1,sd2
24.905334991920746,39.18280404053887
