sd1,sd2
67.22969397194406,38.395228187680395
