sdnn,mrri,pnn50,mhr,rmssd,nn50
54.74497830461392,249.87581699346404,0,250.98451910719078,95.0588603081108,1516
