sd1,sd2
97.34733340201657,154.40876723115989
