sdnn,mrri,pnn50,mhr,rmssd,nn50
129.0708540266351,331.02394294447276,0,210.4456721821974,137.63510274877055,1166
