sd1,sd2
53.01215253822938,134.29489457379256
