sdnn,mrri,pnn50,mhr,rmssd,nn50
102.09164271702792,304.24953183520597,0,225.30980033479958,74.95295636228971,554
