sdnn,mrri,pnn50,mhr,rmssd,nn50
72.10279182306358,218.04597315436243,0,307.4463617559572,96.5017066639587,1731
