sd1,sd2
68.24844522587576,75.76130213777166
