sdnn,mrri,pnn50,mhr,rmssd,nn50
23.731998549916423,244.67507530120483,0,248.60194825119163,25.706440676972754,85
