sd1,sd2
18.18062069307168,28.21135483384526
