sd1,sd2
56.87888972640487,139.2531937275795
