sdnn,mrri,pnn50,mhr,rmssd,nn50
106.36413883409978,278.64451114922815,0,273.0064522140073,80.42166597779705,252
