sdnn,mrri,pnn50,mhr,rmssd,nn50
48.77778286424742,219.94416243654823,0,284.1286134277402,77.34083181219894,1356
