sd1,sd2
54.697467694895636,42.032502067676
