sd1,sd2
16.255742295505485,38.69689873208596
