sdnn,mrri,pnn50,mhr,rmssd,nn50
29.679109901235265,216.2585690515807,0,284.4974390668293,22.985268541106734,195
