sdnn,mrri,pnn50,mhr,rmssd,nn50
43.41875035468154,245.268679245283,0,253.97070490081126,63.16939004319732,829
