sd1,sd2
44.67592022465326,42.12407763743599
