sd1,sd2
6.669177389750603,19.965166140039607
