sdnn,mrri,pnn50,mhr,rmssd,nn50
14.884317015828183,236.51564774381367,0,254.66185524192872,9.429947878984487,2
