sd1,sd2
12.38383683591284,10.079427428172188
