sdnn,mrri,pnn50,mhr,rmssd,nn50
11.290577311597081,199.93601968625038,0,301.0956985565689,17.510726383035582,86
