sd1,sd2
73.39546661887313,53.841183522583044
