sdnn,mrri,pnn50,mhr,rmssd,nn50
64.36523736969588,287.30813439434127,0,221.1014213434595,103.77394801489847,733
