sd1,sd2
19.90641113949037,18.522430357062408
