sdnn,mrri,pnn50,mhr,rmssd,nn50
19.226877421810507,193.24264049955397,0,313.53473001516005,28.14773636480951,240
