sdnn,mrri,pnn50,mhr,rmssd,nn50
29.43171523295606,294.2653985507246,0,206.52167285882072,38.7501494508716,339
