sd1,sd2
27.406682927546203,31.326114569422472
