sdnn,mrri,pnn50,mhr,rmssd,nn50
82.10992888997484,301.642061281337,0,210.04788849278802,104.3035313902351,1017
