sd1,sd2
73.77086835967665,89.67686338232792
