sdnn,mrri,pnn50,mhr,rmssd,nn50
33.89177057706001,317.3359375,0,193.23978395203395,36.69578124941123,139
