sd1,sd2
25.953980001535406,40.29510079123815
