sdnn,mrri,pnn50,mhr,rmssd,nn50
72.05655392858391,267.7420683971982,0,239.76146659898146,104.69196365882298,1474
