sd1,sd2
74.0436573866452,70.01307541406067
