sd1,sd2
62.32354249326152,89.59904867787067
