sdnn,mrri,pnn50,mhr,rmssd,nn50
77.17581704422963,261.7233185662505,0,252.0003385124954,88.12107084296512,899
