sdnn,mrri,pnn50,mhr,rmssd,nn50
37.244189051424456,249.46218809980806,0,246.35597239483454,63.92696966130027,716
