sd1,sd2
45.211874091392566,27.02120791786622
