sd1,sd2
84.0288713941839,45.8858211050461
