sdnn,mrri,pnn50,mhr,rmssd,nn50
67.69918687201712,316.4934242571846,0,199.16732006195502,118.80588251133968,929
