sdnn,mrri,pnn50,mhr,rmssd,nn50
31.281542722852347,288.03501773049646,0,210.92358338548758,11.099589493218211,3
