sd1,sd2
7.850175446218024,43.53670377631808
