sdnn,mrri,pnn50,mhr,rmssd,nn50
115.45124938204758,413.6613621896881,0,154.64316355656004,42.3939290810599,40
