sd1,sd2
29.9864752449607,160.49546183657293
