sd1,sd2
216.38773258810687,237.987746385053
