sdnn,mrri,pnn50,mhr,rmssd,nn50
227.44429894378354,364.8123595505618,0,198.64482299746413,305.93247095512845,662
