sdnn,mrri,pnn50,mhr,rmssd,nn50
45.66001459745342,211.08996427411498,0,299.1130407863882,80.1322777432558,1751
