sd1,sd2
56.67126949159109,30.952238695945336
