sd1,sd2
7.121770132636649,14.128622427389066
