sdnn,mrri,pnn50,mhr,rmssd,nn50
11.187885893184573,236.02324736650925,0,254.92611325076913,10.069940734450666,13
