sdnn,mrri,pnn50,mhr,rmssd,nn50
29.766043196967143,94.18723852057185,0,694.9369790713872,14.417869149256608,319
