sd1,sd2
110.61963705599477,175.22295078929892
