sd1,sd2
81.70772406793826,118.71199896149406
