sd1,sd2
96.71982532785266,146.27354167587197
