sdnn,mrri,pnn50,mhr,rmssd,nn50
20.78436929654274,105.05508796451035,0,593.285440146497,6.189132571696427,19
