sdnn,mrri,pnn50,mhr,rmssd,nn50
83.70699990211506,89.86470885169022,0,688.4316991181705,82.52261951275786,27
