sd1,sd2
121.89407459940657,212.0546734980698
