sd1,sd2
34.22220928320939,52.24610235317094
