sdnn,mrri,pnn50,mhr,rmssd,nn50
230.1883725025716,101.80500606318674,0,618.4848358389158,324.96351733904316,1179
