sdnn,mrri,pnn50,mhr,rmssd,nn50
246.29555794651492,102.07155419790799,0,618.4791299378168,336.5469640619826,1180
