sd1,sd2
10.195016658218215,40.84233453839387
