sdnn,mrri,pnn50,mhr,rmssd,nn50
90.87650670488172,106.25803843043629,0,580.4818577069975,89.2854561971171,11
