sd1,sd2
79.38309044786767,83.56416633879647
