sdnn,mrri,pnn50,mhr,rmssd,nn50
161.63715004178303,94.23148560276645,0,712.7589993463172,228.03192101784794,1141
