sd1,sd2
64.47431584619757,114.18936291255932
