sdnn,mrri,pnn50,mhr,rmssd,nn50
24.773472948113493,111.29289202058291,0,562.3661828084289,17.549807228396904,64
