sd1,sd2
119.19114074599845,200.44201670111914
