sd1,sd2
2.3179634634076085,20.344753807214026
