sdnn,mrri,pnn50,mhr,rmssd,nn50
48.61076736067925,87.17552483358935,0,712.9069933517972,35.39835391806227,259
