sdnn,mrri,pnn50,mhr,rmssd,nn50
79.73987205998655,78.94719764443924,0,782.5239911576132,79.40844337776353,150
