sdnn,mrri,pnn50,mhr,rmssd,nn50
155.0024956654092,100.05073728177635,0,651.050283611804,207.73804566557752,1113
