sdnn,mrri,pnn50,mhr,rmssd,nn50
123.99732578941648,95.82212491951063,0,668.4602455377207,136.7822654999414,838
