sd1,sd2
24.137385495052115,31.622970308095155
