sdnn,mrri,pnn50,mhr,rmssd,nn50
37.99447964897479,85.26753232649959,0,726.5618572658897,51.53137424454806,782
