sd1,sd2
56.15025642028742,97.79592576494187
