sd1,sd2
120.11421482518422,209.7241849072224
