sd1,sd2
131.86441412826312,230.76471809829977
