sd1,sd2
3.816248702555918,30.147293909593408
