sd1,sd2
181.035900317224,201.73290788202107
