sd1,sd2
20.440942309324036,29.337191020647175
