sd1,sd2
185.3915024026799,258.61527993307755
