sdnn,mrri,pnn50,mhr,rmssd,nn50
111.7791665763798,137.11763252996386,0,463.49476290830967,157.21982821559243,682
