sdnn,mrri,pnn50,mhr,rmssd,nn50
44.163417096743075,108.8527300413313,0,599.4033910502206,48.39727322576183,7746
