sdnn,mrri,pnn50,mhr,rmssd,nn50
49.788276381705074,107.0500222751661,0,587.8407546878449,66.22083952519168,1793
