sd1,sd2
46.8254314355424,52.58444542825777
