sd1,sd2
161.24360777583686,162.02973646430414
