sd1,sd2
67.29792523322143,108.80669610151202
