sdnn,mrri,pnn50,mhr,rmssd,nn50
20.655222483797896,98.13909208452151,0,630.3742101206265,17.14522291359017,159
