sd1,sd2
52.914898098738455,57.62498357375721
