sd1,sd2
54.88607788072123,72.36220927361644
