sd1,sd2
122.0908591481216,212.56055612631314
