sd1,sd2
72.6251293016053,122.60278535004086
