sd1,sd2
249.44585694175632,311.5581079983786
