sd1,sd2
134.815188498657,135.52774096635542
