sdnn,mrri,pnn50,mhr,rmssd,nn50
14.478984116536669,98.21857713857464,0,624.3721080726845,3.2780807449556035,47
