sdnn,mrri,pnn50,mhr,rmssd,nn50
94.6742492409175,109.21736952410161,0,575.2131831393573,92.11792783193266,26
