sd1,sd2
10.595149753653486,20.9665275847995
