sd1,sd2
130.13417886047645,226.75859254690133
