sd1,sd2
54.35635998982916,98.17014817084187
