sdnn,mrri,pnn50,mhr,rmssd,nn50
172.95281144696474,98.73336307266807,0,624.3665468110539,172.38425348643864,48
