sd1,sd2
23.971907921757385,37.33059308567831
