sd1,sd2
4.376399773904091,29.0659102580516
