sdnn,mrri,pnn50,mhr,rmssd,nn50
146.52608400163618,101.93053461243143,0,613.7832923563594,156.43960269500377,342
