sdnn,mrri,pnn50,mhr,rmssd,nn50
34.271864517143804,93.35974151529028,0,662.6974247906176,45.215947295217035,474
