sd1,sd2
200.6835313719645,219.60028268807187
