sdnn,mrri,pnn50,mhr,rmssd,nn50
106.65384801026929,105.0709695844638,0,602.490356934317,120.18254107814813,576
