sdnn,mrri,pnn50,mhr,rmssd,nn50
108.10266612134143,98.930749391159,0,664.1313273262474,152.46999915277692,6444
