sd1,sd2
84.98207344168247,124.61193275263702
