sdnn,mrri,pnn50,mhr,rmssd,nn50
177.5877218284735,102.37685945825932,0,607.7185446518026,177.9528604623744,145
