sd1,sd2
211.03267561594564,209.9402513888005
