sd1,sd2
31.97263852313717,36.42625125965786
