sdnn,mrri,pnn50,mhr,rmssd,nn50
164.89925726264528,85.71443530871859,0,726.5562295743297,168.56166671992497,783
