sdnn,mrri,pnn50,mhr,rmssd,nn50
89.14452934009527,94.43301906163376,0,694.9310513547111,85.23109504039007,320
