sd1,sd2
55.13969422231935,90.70924727201847
