sd1,sd2
190.14813964598721,189.45344011264055
