sdnn,mrri,pnn50,mhr,rmssd,nn50
152.1864250486564,103.86020909978227,0,613.055473706297,151.84031513413927,245
