sdnn,mrri,pnn50,mhr,rmssd,nn50
55.320092067329675,95.99142156862744,0,662.070387413843,74.83259971154307,576
