sdnn,mrri,pnn50,mhr,rmssd,nn50
184.87071672055325,111.87539173861178,0,562.3605081397151,184.03751330164567,65
