sdnn,mrri,pnn50,mhr,rmssd,nn50
92.72580009417935,109.33563475711229,0,569.2660045560843,91.18044544616978,780
