sd1,sd2
30.857622187858638,37.269777891669094
