sd1,sd2
64.40988413843161,111.69977656926596
