sd1,sd2
122.41776635264863,212.7327859876946
