sdnn,mrri,pnn50,mhr,rmssd,nn50
170.43571355360356,95.00612111742586,0,658.3394297852071,169.7964903592621,66
