sdnn,mrri,pnn50,mhr,rmssd,nn50
210.35465756740845,109.18494410920961,0,597.1220558205755,283.80811151041354,1296
