sd1,sd2
125.83168793344953,217.35037198098726
