sdnn,mrri,pnn50,mhr,rmssd,nn50
169.168530348496,105.69733895338034,0,621.9755415490642,239.63530565178039,1491
