sdnn,mrri,pnn50,mhr,rmssd,nn50
173.33229345429834,97.11565200208382,0,639.728393549584,172.6625473793629,249
