sdnn,mrri,pnn50,mhr,rmssd,nn50
17.48588142145019,105.98134296028881,0,580.4874259572099,4.234787947703127,10
