sd1,sd2
28.893971018261016,33.497075614688185
