sdnn,mrri,pnn50,mhr,rmssd,nn50
20.10378227200936,109.05073748650335,0,569.2716230018906,10.386456777853406,779
