sd1,sd2
200.4737914910336,262.27913742226366
