sdnn,mrri,pnn50,mhr,rmssd,nn50
135.1719342566569,107.2697828056944,0,591.6502222289771,190.65653909191064,996
