sdnn,mrri,pnn50,mhr,rmssd,nn50
191.6639811313068,105.97909128249262,0,621.9694791890025,256.0223288073445,1492
