sd1,sd2
326.89741698200794,365.3431435516869
