sd1,sd2
158.31571937691726,242.2216318152401
