sd1,sd2
58.35230503955865,102.99869980633581
