sdnn,mrri,pnn50,mhr,rmssd,nn50
15.446594996008162,89.62996344332902,0,688.4372872991611,5.818203537488272,26
