sdnn,mrri,pnn50,mhr,rmssd,nn50
472.0374139968325,92.95658211442326,0,712.7600668865249,667.0117449266974,258
