sdnn,mrri,pnn50,mhr,rmssd,nn50
25.182219670469124,102.17916279933172,0,607.6151666231953,24.664812642124097,128
