sdnn,mrri,pnn50,mhr,rmssd,nn50
90.95059683933945,97.61873943265076,0,645.1922124280766,88.56240420867499,38
