sd1,sd2
59.65428061003569,63.491452671486414
