sdnn,mrri,pnn50,mhr,rmssd,nn50
187.93692935713545,110.185864336696,0,578.5074627956839,186.48444155307504,411
