sd1,sd2
471.65051268316216,472.42399844985056
