sdnn,mrri,pnn50,mhr,rmssd,nn50
26.38262195340199,87.06093237963196,0,712.9125769709706,25.590641931067704,258
