sdnn,mrri,pnn50,mhr,rmssd,nn50
89.06846087675314,95.21781400966184,0,650.9392882485727,91.14077837288008,247
