sd1,sd2
63.1343519476234,111.9425412696998
