sdnn,mrri,pnn50,mhr,rmssd,nn50
151.86431633798054,104.97185688432096,0,629.2720550568697,194.71044778316684,1330
