sd1,sd2
122.19258072456611,122.98624064558027
