sdnn,mrri,pnn50,mhr,rmssd,nn50
95.04789738445125,104.28235523114355,0,609.3448984693619,95.96291618909953,250
