sdnn,mrri,pnn50,mhr,rmssd,nn50
96.76362189113988,97.01907588712179,0,661.1889982471014,134.82829569057898,440
