sd1,sd2
63.36805274071704,113.70241955561798
