sd1,sd2
138.36851366356876,138.4900239026581
