sdnn,mrri,pnn50,mhr,rmssd,nn50
17.12473977400667,96.59871736142922,0,639.7341302818403,7.44781784542095,248
