sdnn,mrri,pnn50,mhr,rmssd,nn50
28.13028287845165,94.96959946169308,0,650.9448857853208,34.13527068754682,246
