sd1,sd2
107.36733485877221,186.5306177106185
