sdnn,mrri,pnn50,mhr,rmssd,nn50
25.283400480377345,92.44726824708981,0,669.2959586729346,28.907696864582583,77
