sdnn,mrri,pnn50,mhr,rmssd,nn50
61.60275057753704,95.506808386421,0,668.4659706848339,84.36353053083995,837
