sdnn,mrri,pnn50,mhr,rmssd,nn50
20.655276936496037,98.13920844514112,0,630.3735414158006,17.145224194257896,159
