sdnn,mrri,pnn50,mhr,rmssd,nn50
210.487172211061,116.40010385976812,0,578.562890529808,298.44369048712804,1750
