sdnn,mrri,pnn50,mhr,rmssd,nn50
24.100233792793382,109.58509953039936,0,578.5134623782318,8.04616695656752,410
