sd1,sd2
95.33842453930208,98.16813051773356
