sd1,sd2
12.123557070760894,26.57622613657522
