sdnn,mrri,pnn50,mhr,rmssd,nn50
90.46520838759797,93.60354989441905,0,662.6918224941483,95.17354760599457,475
