sdnn,mrri,pnn50,mhr,rmssd,nn50
282.2159547269932,117.01210271410253,0,578.5567700116128,352.7683760955716,1751
