sdnn,mrri,pnn50,mhr,rmssd,nn50
34.400950800998665,112.8290029629788,0,551.0308216830689,40.84320224242636,193
