sd1,sd2
120.06425331265564,209.00057412726517
