sdnn,mrri,pnn50,mhr,rmssd,nn50
16.611027621229546,78.73612545503819,0,782.5297075915726,14.983749602478468,149
