sdnn,mrri,pnn50,mhr,rmssd,nn50
204.61572021849707,111.83506144393242,0,568.5590787050845,223.89186271351184,996
