sdnn,mrri,pnn50,mhr,rmssd,nn50
55.972882273550745,95.1122637949042,0,656.0257331938059,78.04280890714838,513
