sdnn,mrri,pnn50,mhr,rmssd,nn50
32.44247340921974,89.13601706567117,0,706.2744862731082,38.64500284453896,315
