sdnn,mrri,pnn50,mhr,rmssd,nn50
25.283422429282144,92.44707661718597,0,669.2972124589999,28.907735025660152,77
