sdnn,mrri,pnn50,mhr,rmssd,nn50
91.43907535507142,111.2531556022678,0,568.5648140596857,128.85289315644118,995
