sd1,sd2
123.90744387038437,151.36440821581084
