sdnn,mrri,pnn50,mhr,rmssd,nn50
79.3473120629456,105.2987927157818,0,593.2794563646612,76.87149875048783,20
