sd1,sd2
473.6384803241736,478.3499096734058
