sdnn,mrri,pnn50,mhr,rmssd,nn50
22.09530242945369,108.92301715500848,0,575.2190425984368,4.209329228918905,25
