sdnn,mrri,pnn50,mhr,rmssd,nn50
138.31890456661208,99.1894264814249,0,664.1253777759973,175.23099135086693,6445
