sdnn,mrri,pnn50,mhr,rmssd,nn50
31.370571795376218,104.0024525786139,0,609.3508086600646,33.90123232508201,249
