sdnn,mrri,pnn50,mhr,rmssd,nn50
21.04869608537188,94.51056395463638,0,658.3450727801219,14.591603293532351,65
