sdnn,mrri,pnn50,mhr,rmssd,nn50
19.862691376543744,93.33843867969351,0,674.9188211936693,5.566133464222198,19
