sd1,sd2
138.33444003624933,228.6076566000334
