sd1,sd2
159.9680405816808,254.65874568722373
