sd1,sd2
3.9358677167682634,27.812981910535083
