sd1,sd2
305.0522824712775,303.5116860899174
