sdnn,mrri,pnn50,mhr,rmssd,nn50
212.65094728513716,111.84588099399961,0,578.3948498152467,226.22868825037176,584
