sd1,sd2
4.114107923968867,21.453874007538715
