sdnn,mrri,pnn50,mhr,rmssd,nn50
100.76172979277172,109.13751915756167,0,599.3974848055337,102.7073304898428,7747
