sdnn,mrri,pnn50,mhr,rmssd,nn50
225.0020801881473,107.83126437229606,0,591.644467357799,262.1825012611862,997
