sd1,sd2
111.17192927004712,112.38312285835345
