sd1,sd2
64.44630132407752,108.22687139316932
