sdnn,mrri,pnn50,mhr,rmssd,nn50
152.48052680798565,137.49155693059654,0,463.4887647700487,188.36097254599431,683
