sd1,sd2
27.32625742423382,36.8551735445699
