sd1,sd2
229.78497029464606,230.5910689889224
