sd1,sd2
60.26749261360743,110.73086090427992
