sdnn,mrri,pnn50,mhr,rmssd,nn50
208.17980798273805,97.56773519040277,0,661.1831486413779,228.3761030459963,441
