sd1,sd2
17.440737215867884,31.05010564282455
