sd1,sd2
237.9756672679202,254.34344008988776
