sd1,sd2
7.344370395282729,27.46605808589231
