sdnn,mrri,pnn50,mhr,rmssd,nn50
101.9036085469894,95.36454036405765,0,656.0199937107781,115.55194042906108,514
