sdnn,mrri,pnn50,mhr,rmssd,nn50
188.94162849449228,96.55709257752375,0,662.0639067691891,195.63429956596738,577
