sdnn,mrri,pnn50,mhr,rmssd,nn50
34.21424550668166,133.2147533560948,0,457.84941336930024,43.63900078199059,107
