sdnn,mrri,pnn50,mhr,rmssd,nn50
64.22137835677174,107.1762626507191,0,587.8351058065359,77.62036235411702,1794
