sd1,sd2
71.37680123631674,117.92472280952504
