sd1,sd2
4.748503668266484,30.56563762138149
