sdnn,mrri,pnn50,mhr,rmssd,nn50
21.101176332912853,98.37702852444953,0,632.5159559417364,16.69238322312909,521
