sdnn,mrri,pnn50,mhr,rmssd,nn50
122.59005296569168,104.69300673583153,0,629.2781250207013,172.8055686689215,1329
