sd1,sd2
55.18484157631627,56.749981147260456
