sdnn,mrri,pnn50,mhr,rmssd,nn50
31.280310388008022,111.78539502481428,0,547.8697447971851,40.862035751576755,635
