sdnn,mrri,pnn50,mhr,rmssd,nn50
59.05204110055286,104.79694223373063,0,602.496072763053,80.91161264410933,575
