sd1,sd2
56.49016412797518,60.029242689065455
