sd1,sd2
33.95557591063794,37.63893031668711
