sdnn,mrri,pnn50,mhr,rmssd,nn50
173.55308662316833,98.89198874044949,0,632.5103129718518,173.12485778159868,522
