sd1,sd2
5.266426155486345,23.638489380747266
