sd1,sd2
107.81305476933917,108.39150366328494
