sd1,sd2
57.21342231120358,60.83511669852078
