sdnn,mrri,pnn50,mhr,rmssd,nn50
170.89713037097684,93.8373214008051,0,674.9129999261855,169.86715049656578,20
