sdnn,mrri,pnn50,mhr,rmssd,nn50
304.2829592945361,115.92513155125236,0,607.2713216350713,431.4068049777289,1964
