sdnn,mrri,pnn50,mhr,rmssd,nn50
97.47022110478662,112.08130574164646,0,547.8641367826136,100.94195596861387,636
