sdnn,mrri,pnn50,mhr,rmssd,nn50
21.87243116675821,97.34817159657709,0,645.1982534037718,6.7153667505655035,37
