sd1,sd2
19.337560353102496,30.08616962022044
