sd1,sd2
2.9764604545725697,31.105392813150743
