sdnn,mrri,pnn50,mhr,rmssd,nn50
35.844596599819084,101.9985769922109,0,602.9523154556396,48.020211187461626,288
