sd1,sd2
11.803350110012138,27.408031878371705
