sd1,sd2
65.13721174139891,116.97679507158205
