sd1,sd2
25.030383275965338,64.02728574480128
