sd1,sd2
26.29155399098364,39.79682867603081
