sd1,sd2
134.73095321061885,232.2407891716632
