sd1,sd2
137.68160251196568,164.8311787355218
