sd1,sd2
62.62307789972576,112.3493313074404
