sdnn,mrri,pnn50,mhr,rmssd,nn50
21.48747407480888,107.0302164148632,0,583.2051305065665,5.3969644409335915,46
