sd1,sd2
91.11321492786489,91.76377863345407
