sdnn,mrri,pnn50,mhr,rmssd,nn50
138.42928211549756,99.84105128019674,0,651.056146428259,195.681744041295,1112
