sdnn,mrri,pnn50,mhr,rmssd,nn50
33.72709136532645,110.73013290222343,0,569.2943281706542,37.18167706402987,354
