sd1,sd2
28.880659736244585,39.1504575353178
