sd1,sd2
161.48654029267382,246.17018951888144
