sd1,sd2
10.317865927275584,27.921978019034835
