sd1,sd2
67.85606982925258,116.03344079073906
