sdnn,mrri,pnn50,mhr,rmssd,nn50
31.118018848776448,103.40383478334319,0,613.061215784969,29.662532872387068,244
