sd1,sd2
12.123557976396748,26.576310365429528
