sd1,sd2
72.39044430904273,121.39566729423142
