sd1,sd2
145.62760460064862,249.26000093714975
