sd1,sd2
20.974676565973827,38.6875320626478
