sd1,sd2
18.09535840759801,32.62887503995241
