sdnn,mrri,pnn50,mhr,rmssd,nn50
25.2895120833376,101.84222211943198,0,607.7241571423693,27.347313615981413,144
