sdnn,mrri,pnn50,mhr,rmssd,nn50
58.286570584605045,101.52164742451154,0,613.7889579584273,79.88878671761131,341
