sdnn,mrri,pnn50,mhr,rmssd,nn50
233.4310251463557,94.72421231029966,0,712.7529073794375,283.51196989120655,1142
