sdnn,mrri,pnn50,mhr,rmssd,nn50
346.6536699428821,116.46389745424696,0,607.2649430244596,462.3006421244653,1965
