sdnn,mrri,pnn50,mhr,rmssd,nn50
92.04278983427238,107.30927774915175,0,583.1994808055915,89.61595866281387,47
