sd1,sd2
70.91211246560731,114.1785446261761
