sd1,sd2
133.19192419235765,169.5893081571445
