sd1,sd2
36.43832549610548,39.48935809344827
