sd1,sd2
146.89356987649117,162.7077946932808
