sdnn,mrri,pnn50,mhr,rmssd,nn50
91.17421033480389,102.44612543043038,0,607.6095463252154,91.08930059631616,129
