sdnn,mrri,pnn50,mhr,rmssd,nn50
99.94319502865702,113.13589979462604,0,551.0249498302359,102.37546155670513,194
