sd1,sd2
12.409650425720612,32.76355444900987
