sdnn,mrri,pnn50,mhr,rmssd,nn50
75.06181925448873,89.33141123925071,0,706.2686222855685,77.97922339128947,316
