sd1,sd2
169.44857822330133,168.88801810265215
