sdnn,mrri,pnn50,mhr,rmssd,nn50
189.85285605979027,111.3354748632675,0,569.288362793979,190.53830395182482,355
