sdnn,mrri,pnn50,mhr,rmssd,nn50
95.0401697896385,102.2678974320567,0,602.9466901896847,100.28476390424488,289
