sdnn,mrri,pnn50,mhr,rmssd,nn50
189.8011077171887,108.89970224257833,0,597.1279422086824,268.908747864959,1295
