sd1,sd2
2.994461687348401,24.546798108369174
