sd1,sd2
20.44091532375182,29.337171990999725
