sd1,sd2
5.689528772244156,33.60463956188797
