sdnn,mrri,pnn50,mhr,rmssd,nn50
81.50044461520558,111.21790730480649,0,578.4007523354106,112.26406932967677,583
