sdnn,mrri,pnn50,mhr,rmssd,nn50
204.1297960721447,133.91873271494651,0,457.84382330531554,205.94847669484366,108
