sdnn,mrri,pnn50,mhr,rmssd,nn50
476.00002422707297,93.13443525243429,0,712.7540921733383,669.8231675429067,259
