sd1,sd2
9.314841542977137,31.99111205096001
