sdnn,mrri,pnn50,mhr,rmssd,nn50
23.560533984057443,122.30058417419012,0,508.87499734896346,13.169680665895351,34
