sd1,sd2
10.40153216084413,16.638111142776598
