sdnn,mrri,pnn50,mhr,rmssd,nn50
13.874772316914997,91.80271024312475,0,671.5781055943061,14.70706792293937,33
