sdnn,mrri,pnn50,mhr,rmssd,nn50
20.66354478859588,137.87073608617595,0,445.82119897147487,16.462532310063366,44
