sd1,sd2
11.644224484979187,26.802540972900815
