sd1,sd2
17.862730170540853,14.204770695805589
