sdnn,mrri,pnn50,mhr,rmssd,nn50
16.137729698844996,111.357833655706,0,551.1405056065621,25.25560670530837,146
