sd1,sd2
14.519494768103296,14.210307329600786
