sdnn,mrri,pnn50,mhr,rmssd,nn50
14.365732886328578,81.28405081157375,0,763.4801272769549,20.53004823031021,60
