sd1,sd2
16.036842086527564,23.166777728386197
