sdnn,mrri,pnn50,mhr,rmssd,nn50
19.923351806669885,100.22845953002611,0,637.7807910035021,22.67458268730728,206
