sd1,sd2
3.428068790024359,3.532722031400215
