sdnn,mrri,pnn50,mhr,rmssd,nn50
3.4807887454052375,76.21972203838517,0,788.8885651673196,4.847218922333998,0
