sd1,sd2
5.138354399625164,20.35905409034099
