sdnn,mrri,pnn50,mhr,rmssd,nn50
14.847453811842243,118.64006179196704,0,514.9032575133675,7.265091596051706,9
