sdnn,mrri,pnn50,mhr,rmssd,nn50
9.556844546961978,129.79425028184892,0,465.46478848992393,8.242106411889313,15
