sd1,sd2
5.829667160809434,12.19350385179641
