sdnn,mrri,pnn50,mhr,rmssd,nn50
9.79721102705613,90.55345911949685,0,673.7340092577805,2.945099971464295,1
