sd1,sd2
2.082903036470902,13.697890449189641
