sd1,sd2
15.344835095918658,14.603281526522178
