sdnn,mrri,pnn50,mhr,rmssd,nn50
14.97864806088655,121.05832895428271,0,506.212605996456,21.695168505635245,110
