sd1,sd2
10.35911471644718,22.668887706601335
