sdnn,mrri,pnn50,mhr,rmssd,nn50
17.623701761591033,160.4192200557103,0,381.1756459401477,14.645283218753104,22
