sdnn,mrri,pnn50,mhr,rmssd,nn50
20.67290933011236,125.01357220412595,0,494.91077989237414,27.06798329609254,160
