sd1,sd2
19.14514934340896,22.095284948618808
