sdnn,mrri,pnn50,mhr,rmssd,nn50
11.285809846648567,97.94430272108843,0,623.087518651649,18.46931767685924,135
