sd1,sd2
13.062549144057174,9.171085957971973
