sd1,sd2
11.501376864043568,7.6142444380067165
