sdnn,mrri,pnn50,mhr,rmssd,nn50
9.753419608795493,73.52888605170763,0,831.1397505650931,16.262808097098887,7
