sdnn,mrri,pnn50,mhr,rmssd,nn50
7.3184344870704665,98.691088260497,0,611.0650131956432,12.260198742698204,6
