sd1,sd2
8.671117502072438,5.6507245507401755
