sd1,sd2
7.651542006805103,10.133715881092012
