sdnn,mrri,pnn50,mhr,rmssd,nn50
8.9788165322775,80.51310730513806,0,756.2964981926493,10.8190294667035,0
