sdnn,mrri,pnn50,mhr,rmssd,nn50
9.618515785390745,95.21868540719305,0,637.8984801644436,14.026929671053871,10
