sd1,sd2
9.920584009884944,9.306648415538056
