sdnn,mrri,pnn50,mhr,rmssd,nn50
8.900596900334547,82.34024303073625,0,742.1669716587668,14.405524205552314,84
