sd1,sd2
10.188050324964783,7.392217592879343
