sd1,sd2
11.746146859392214,8.976284997361828
