sdnn,mrri,pnn50,mhr,rmssd,nn50
10.453364491786187,86.55317549793311,0,705.9753589257269,16.60843838426448,69
