sd1,sd2
5.633568203846419,10.38857984698421
