sdnn,mrri,pnn50,mhr,rmssd,nn50
8.356425131135797,123.68850698174006,0,487.66651268563487,7.965029693091018,15
