sd1,sd2
20.68745345505435,17.821064144090943
