sdnn,mrri,pnn50,mhr,rmssd,nn50
19.307525186864886,120.38369053842133,0,520.1720210881091,29.24886007863523,284
