sd1,sd2
8.395942911724365,7.839465476969253
