sdnn,mrri,pnn50,mhr,rmssd,nn50
8.122471186207045,117.12963904422979,0,515.2375495618313,11.87063621164325,17
