sdnn,mrri,pnn50,mhr,rmssd,nn50
9.343926699953336,96.53310980720872,0,629.4720505996123,5.357022859792128,4
