sd1,sd2
3.788718018627199,12.659524008568855
