sd1,sd2
35.66012659232746,19.803699629621953
