sdnn,mrri,pnn50,mhr,rmssd,nn50
28.842946690665194,124.19902912621359,0,516.565995372007,50.41743181869402,690
