sdnn,mrri,pnn50,mhr,rmssd,nn50
15.837793594928405,90.01016021883548,0,693.4064663223018,16.351148183282106,75
