sd1,sd2
11.564263868916608,19.18174165922324
