sd1,sd2
5.871374660080135,10.46146399682374
