sdnn,mrri,pnn50,mhr,rmssd,nn50
8.482784606362184,85.10639083856668,0,713.6442795070593,8.30186222975858,22
