sd1,sd2
13.377458751768735,19.559494044973466
