sdnn,mrri,pnn50,mhr,rmssd,nn50
16.756046818247828,134.74722059684026,0,457.17978548129156,18.913104015810852,68
