sd1,sd2
7.6835927904915575,9.062418251783935
