sdnn,mrri,pnn50,mhr,rmssd,nn50
8.4013398556528,79.78385867682715,0,761.66264976274,10.864359324612913,23
