sd1,sd2
4.8473756014177525,11.625714420040763
