sdnn,mrri,pnn50,mhr,rmssd,nn50
8.906578635973633,137.05116002379535,0,442.6618675261672,6.853613923290676,6
