sdnn,mrri,pnn50,mhr,rmssd,nn50
25.367784392390355,130.75198637911464,0,484.6374297641735,25.84472921879737,123
