sd1,sd2
18.280133641981838,30.868846495923545
