sdnn,mrri,pnn50,mhr,rmssd,nn50
7.6263014430861,54.09532754167645,0,1140.4497017885835,5.966164184591401,0
