sd1,sd2
4.2192080640018546,9.925685402746552
