sd1,sd2
8.139596812984088,27.784685621287846
