sdnn,mrri,pnn50,mhr,rmssd,nn50
20.47244234760157,106.60342434058306,0,603.5363071927724,11.508471115113746,30
