sd1,sd2
32.55363844439467,39.06403120305097
