sdnn,mrri,pnn50,mhr,rmssd,nn50
35.956486965506734,125.41317365269461,0,483.9212523535943,46.02526065908137,4
