sdnn,mrri,pnn50,mhr,rmssd,nn50
16.36843821314745,87.66552511415524,0,710.2066701852436,24.091217340560714,172
