sd1,sd2
17.03830262616359,15.669964348859198
