sd1,sd2
17.28870214814852,11.14826872337679
