sdnn,mrri,pnn50,mhr,rmssd,nn50
14.54618708624388,86.46283783783784,0,717.362828759363,24.44533011591692,267
