sd1,sd2
13.562740080450613,8.693373709068714
