sdnn,mrri,pnn50,mhr,rmssd,nn50
11.391283179154765,103.25862841774989,0,589.1444067673713,19.176311994333943,81
