sdnn,mrri,pnn50,mhr,rmssd,nn50
17.35257813872162,84.3103953147877,0,743.930222321102,27.652470038516466,141
