sd1,sd2
19.556829906622966,14.82411346841006
