sdnn,mrri,pnn50,mhr,rmssd,nn50
22.263764789239467,90.70196850393701,0,707.315465242337,34.526585015945784,318
