sd1,sd2
24.418789069483072,19.876448011685895
