sdnn,mrri,pnn50,mhr,rmssd,nn50
4.808086628603134,80.73501577287067,0,746.4157583323546,6.959888079253597,20
