sd1,sd2
4.922232081707926,4.691164609146621
