sd1,sd2
10.413779211356674,13.237883931932801
