sdnn,mrri,pnn50,mhr,rmssd,nn50
11.909835608819483,89.14783281733746,0,690.3886904312435,14.724479552873202,54
