sdnn,mrri,pnn50,mhr,rmssd,nn50
5.855066883562315,105.64357798165138,0,570.8250601296196,4.037172389122761,4
