sd1,sd2
2.85531926449554,7.7724364468149165
