sd1,sd2
10.146810632321753,10.470569638044712
