sdnn,mrri,pnn50,mhr,rmssd,nn50
10.30996107057009,65.04234895539243,0,944.7433173420018,14.347740843966141,40
