sd1,sd2
37.32745977068969,22.986326718868337
