sdnn,mrri,pnn50,mhr,rmssd,nn50
30.997664984309846,95.28535980148884,0,708.7445538127141,52.77808123172228,712
