sdnn,mrri,pnn50,mhr,rmssd,nn50
22.743361235961885,93.16383495145631,0,686.8993608992987,35.30732277706041,394
