sd1,sd2
24.97110038401674,20.272274323081422
