sdnn,mrri,pnn50,mhr,rmssd,nn50
18.001226964504777,105.27742230347349,0,586.645494343437,11.725366730542225,31
