sd1,sd2
8.29297242701633,24.06896243671452
