sdnn,mrri,pnn50,mhr,rmssd,nn50
13.33021598300498,73.73367477592829,0,844.6623464629358,22.388943911628925,170
