sd1,sd2
15.833908789728307,10.231160674414586
