sdnn,mrri,pnn50,mhr,rmssd,nn50
13.472309181517035,121.53878627968338,0,503.6548781154612,13.067710109980226,30
