sd1,sd2
9.242646994608117,16.66072345061396
