sdnn,mrri,pnn50,mhr,rmssd,nn50
26.074855304974147,72.83206831119544,0,916.2797504061828,21.367855714362186,172
