sd1,sd2
15.11174270223883,33.636756544768225
