sdnn,mrri,pnn50,mhr,rmssd,nn50
24.041582542911613,86.41635408852213,0,759.8977391764208,27.446348824385886,223
