sd1,sd2
19.411138067381305,27.91420966576566
