sdnn,mrri,pnn50,mhr,rmssd,nn50
25.279017344548198,76.775,0,862.250789618835,21.33249536394694,86
