sd1,sd2
15.086853707659444,32.41055817192323
