sdnn,mrri,pnn50,mhr,rmssd,nn50
11.683614528247427,68.8094384707288,0,897.2301352380025,19.14984236237298,49
