sd1,sd2
13.543005750856073,9.465764212234953
