sd1,sd2
26.141512679169207,22.748328984335174
