sdnn,mrri,pnn50,mhr,rmssd,nn50
24.50372580583112,106.56038870893106,0,604.5197541950246,36.96113449236864,494
