sdnn,mrri,pnn50,mhr,rmssd,nn50
21.243475285225028,86.01232262882748,0,743.8127823990452,29.86569988940823,188
