sd1,sd2
21.122180757662612,21.364081174451673
