sd1,sd2
8.099089667649675,23.418567023281813
