sdnn,mrri,pnn50,mhr,rmssd,nn50
17.521765534165958,128.27616926503342,0,476.68344829152954,11.45068145786888,28
