sd1,sd2
13.627584915901396,9.838457484853565
