sdnn,mrri,pnn50,mhr,rmssd,nn50
11.884997188080744,116.33333333333333,0,521.8220989214606,19.26744564931789,85
