sdnn,mrri,pnn50,mhr,rmssd,nn50
6.983025108820838,136.770783847981,0,440.82415730337976,7.993833035987739,9
