sd1,sd2
5.6539705954587545,8.096783055419747
