sdnn,mrri,pnn50,mhr,rmssd,nn50
10.495042018676083,102.84285714285714,0,589.8568499812208,10.961970886516616,27
