sd1,sd2
7.752971167612108,12.656352239951621
