sd1,sd2
13.171358299522513,8.59920126112504
