sdnn,mrri,pnn50,mhr,rmssd,nn50
11.122745654372734,112.2699805068226,0,540.3086081298263,18.62259575482132,101
