sd1,sd2
11.603708176222709,12.212552513422494
