sdnn,mrri,pnn50,mhr,rmssd,nn50
11.912020868266639,107.57262961233069,0,565.819388012885,16.40629010898524,25
