sd1,sd2
17.12448197687547,15.80209550063417
