sdnn,mrri,pnn50,mhr,rmssd,nn50
16.476560702821075,113.04563297350343,0,550.4741490888282,24.21178646504963,232
