sd1,sd2
29.972317303857558,21.73696878080423
