sdnn,mrri,pnn50,mhr,rmssd,nn50
26.180485254677546,120.54421768707483,0,525.4957181520527,42.376188611725624,506
