sd1,sd2
33.29500452477787,19.766793836837667
