sdnn,mrri,pnn50,mhr,rmssd,nn50
27.379586053235197,111.71338506304559,0,572.7974391304459,47.07482662007417,735
