sdnn,mrri,pnn50,mhr,rmssd,nn50
6.889400270645036,66.07198164611414,0,919.7473868933948,12.077869360303863,0
