sd1,sd2
8.541568067201878,4.687140613602816
