sd1,sd2
33.82418981712499,22.601246535063417
