sdnn,mrri,pnn50,mhr,rmssd,nn50
28.76536251921413,101.78877596111357,0,641.5043497924117,47.824077114994836,742
