sdnn,mrri,pnn50,mhr,rmssd,nn50
11.434429050933591,119.04496124031007,0,509.3470730530527,16.710101967251614,53
