sd1,sd2
11.81886932790235,11.036605603700679
