sdnn,mrri,pnn50,mhr,rmssd,nn50
12.030515061944255,126.56263736263736,0,479.242707804552,17.621532757183168,63
