sd1,sd2
12.463709193357422,11.581128548408088
