sdnn,mrri,pnn50,mhr,rmssd,nn50
9.420428546272257,79.89559486645855,0,762.1826046526405,13.78236208023706,27
