sd1,sd2
9.747292886065688,9.081807605542835
