sdnn,mrri,pnn50,mhr,rmssd,nn50
25.29858435193145,117.49744897959184,0,541.3708156079747,38.694771606357854,431
