sd1,sd2
27.368314625224805,23.043699681220623
