sd1,sd2
7.094133344632197,10.104137242929497
