sdnn,mrri,pnn50,mhr,rmssd,nn50
8.729842992155623,103.64192532613585,0,583.8927364450785,10.030399338565195,28
