sd1,sd2
15.38059898903247,15.719760353466647
