sdnn,mrri,pnn50,mhr,rmssd,nn50
15.55110431499719,85.62379182156134,0,723.602792755355,21.747408936767556,114
