sdnn,mrri,pnn50,mhr,rmssd,nn50
8.439160176023993,99.62110726643598,0,607.2250223326582,12.40159884166195,35
