sd1,sd2
8.771152278562685,8.09356143236358
