sdnn,mrri,pnn50,mhr,rmssd,nn50
25.64588679290313,134.79227618490344,0,465.13938479130746,42.13997529145458,385
