sd1,sd2
29.806182942969993,20.66432861621715
