sd1,sd2
15.405065897992904,14.405778934407586
