sdnn,mrri,pnn50,mhr,rmssd,nn50
14.913794319832315,105.9540018399264,0,581.6925766911955,21.78104023594326,69
