sdnn,mrri,pnn50,mhr,rmssd,nn50
11.877359095476896,88.38948580199539,0,692.1376041244702,19.640873594293737,42
