sd1,sd2
13.890847980527814,9.443921883819343
