sd1,sd2
21.70986401588746,13.92048378810543
