sdnn,mrri,pnn50,mhr,rmssd,nn50
18.23592696414459,81.01512486809708,0,781.9180448955741,30.69698218049201,207
