sdnn,mrri,pnn50,mhr,rmssd,nn50
23.187121620229675,91.10166139240506,0,708.093658762714,38.10059997221797,401
