sd1,sd2
26.946524386664887,18.686092195574744
