sd1,sd2
11.534509852556466,12.139184098660197
