sdnn,mrri,pnn50,mhr,rmssd,nn50
11.840707498285033,98.13421389007243,0,621.3286708397892,16.308800755947285,58
