sd1,sd2
210.65620203712,211.42585452360595
