sdnn,mrri,pnn50,mhr,rmssd,nn50
14.454734053354683,96.45436200095322,0,628.7196157710641,18.991712129211304,1059
