sd1,sd2
70.46829481905178,105.18171535741608
