sd1,sd2
3.6476777761109016,13.997958413827154
