sd1,sd2
87.08359724551134,88.53926951877617
