sdnn,mrri,pnn50,mhr,rmssd,nn50
99.06857065494147,93.8960238691799,0,662.7393253979403,135.48684015252965,3899
