sd1,sd2
656.684378363293,909.7921466786889
