sd1,sd2
156.5368505888825,270.1153953040815
