sd1,sd2
95.80408754138556,102.22886184238185
