sd1,sd2
46.065870796755654,55.70938082638067
