sdnn,mrri,pnn50,mhr,rmssd,nn50
120.07215684891291,101.31949126108087,0,622.3555468025144,164.50543191475492,1023
