sdnn,mrri,pnn50,mhr,rmssd,nn50
169.68436045091767,89.108591354031,0,689.316830351782,171.55900614397126,233
