sdnn,mrri,pnn50,mhr,rmssd,nn50
793.3965348249895,93.36905130493379,0,770.1452751808075,928.687811967863,4527
