sdnn,mrri,pnn50,mhr,rmssd,nn50
77.63284582113609,74.19815950920245,0,815.7481994752172,78.7282816994234,527
