sdnn,mrri,pnn50,mhr,rmssd,nn50
22.919908556451894,71.71739924262916,0,850.649671607185,32.56875052005507,1784
