sdnn,mrri,pnn50,mhr,rmssd,nn50
205.4637782386765,103.85713586243365,0,612.1334598944109,225.99002425808862,3211
