sd1,sd2
65.88541187400459,67.34310198946854
