sd1,sd2
2980.6854802842827,2981.5227204492394
