sdnn,mrri,pnn50,mhr,rmssd,nn50
2750.2291692542935,89.55792478662356,0,849.0121911961413,3631.112632504663,5170
