sd1,sd2
19.938862711045786,25.170562839874865
