sd1,sd2
24.960940089672935,41.60837444878606
