sd1,sd2
116.32345251876407,123.70731625419221
