sdnn,mrri,pnn50,mhr,rmssd,nn50
89.52366675978286,105.32082151626473,0,620.3252174633876,99.65700477815568,8875
