sdnn,mrri,pnn50,mhr,rmssd,nn50
211.041379138951,89.67615837155405,0,722.9016589637612,297.91165086304784,3507
