sdnn,mrri,pnn50,mhr,rmssd,nn50
77.87259157085433,78.55514756572789,0,773.7419825383384,83.03063902050623,141
