sd1,sd2
1094.2050370454751,1895.1775755087988
