sd1,sd2
13.429236524179027,15.412147140618629
