sd1,sd2
58.711581226525865,93.17312523363826
