sdnn,mrri,pnn50,mhr,rmssd,nn50
10.228596993565828,94.51573308136632,0,641.507436640224,5.158575734914325,54
