sdnn,mrri,pnn50,mhr,rmssd,nn50
158.09809231855155,82.11205508521736,0,747.7707957190258,158.44069156125707,196
