sd1,sd2
40.423212697797126,40.399064169457944
