sdnn,mrri,pnn50,mhr,rmssd,nn50
34.30965865780826,71.16249354100539,0,851.2094591317873,35.30007954624439,307
