sd1,sd2
126.33063071751982,217.04231726067326
