sd1,sd2
72.09373381594779,122.34552676992293
