sdnn,mrri,pnn50,mhr,rmssd,nn50
100.41397904707955,101.84961007234803,0,619.4043248464816,101.95546828436343,830
