sdnn,mrri,pnn50,mhr,rmssd,nn50
220.75564814129484,80.11784293097928,0,758.9416869430964,221.37652547180497,116
