sd1,sd2
60.168794866122454,101.68736351004168
