sd1,sd2
116.79597828758526,200.05540811454267
