sdnn,mrri,pnn50,mhr,rmssd,nn50
2981.104129759021,108.77319415366772,0,610.9107401460046,4215.305121426482,477
