sd1,sd2
55.669312956313306,94.62898655036214
