sdnn,mrri,pnn50,mhr,rmssd,nn50
51.11555323148765,94.76640098647175,0,686.4595424779387,65.14668818433772,4992
