sdnn,mrri,pnn50,mhr,rmssd,nn50
163.80394815148736,80.82197480624586,0,758.4846283097132,165.17443366376304,513
