sdnn,mrri,pnn50,mhr,rmssd,nn50
65.91395246253794,96.33052255742624,0,664.3134612004294,91.5681974158309,3178
