sdnn,mrri,pnn50,mhr,rmssd,nn50
83.54820097783339,86.54012878906863,0,716.155767504437,85.09148794426798,600
