sdnn,mrri,pnn50,mhr,rmssd,nn50
177.57645640592267,99.32938388625593,0,619.4928816188846,178.65846763817487,1552
