sdnn,mrri,pnn50,mhr,rmssd,nn50
1547.4144089104086,117.11014553565514,0,548.4580164703152,1547.4396015541395,162
