sdnn,mrri,pnn50,mhr,rmssd,nn50
87.81444971112931,78.62000608132662,0,807.5616479965179,123.15434762994093,2155
