sd1,sd2
11.692135186292697,13.946027027704003
