sdnn,mrri,pnn50,mhr,rmssd,nn50
40.41114023743532,83.4545202971667,0,732.091284243725,57.16675139922926,890
