sd1,sd2
112.0344937777631,193.48975630118215
