sd1,sd2
121.3105612193265,207.0490572302273
