sdnn,mrri,pnn50,mhr,rmssd,nn50
12.868521575379091,101.99941933343165,0,593.0486573075827,16.53509995110721,1158
