sd1,sd2
64.7488007431734,67.05886265653666
