sd1,sd2
23.029662213762776,22.80962680080979
