sdnn,mrri,pnn50,mhr,rmssd,nn50
22.705896589718954,86.8998637166037,0,704.7760158163969,28.197681106667023,297
