sd1,sd2
159.79936212017523,242.68269860500803
