sdnn,mrri,pnn50,mhr,rmssd,nn50
66.61824406035927,91.49263887980109,0,676.5365639301566,93.17553496865582,2576
