sd1,sd2
2567.5949962554914,2921.468278458297
