lf,lfnu,lf_hf,total_power,hfnu,vlf,hf
874.5257391088903,31.547403631227517,0.46086496794472476,2999.9199183303344,68.45259636877249,227.8194014965743,1897.5747777248698
