lf,lfnu,lf_hf,total_power,hfnu,vlf,hf
98847504.69436917,96.97056407761727,32.009445508043605,879024390.7203226,3.029435922382651,777088813.0173306,3088073.0086227185
