lf,lfnu,lf_hf,total_power,hfnu,vlf,hf
22.913411809883808,59.28424177437927,1.4560515229966695,53.60702568309968,40.71575822562075,14.956937355941132,15.73667651727474
