lf,lfnu,lf_hf,total_power,hfnu,vlf,hf
49.71651644720389,46.53958575838858,0.8705429319730945,120.58464085189806,53.46041424161141,13.758343116227563,57.1097812884666
