lf,lfnu,lf_hf,total_power,hfnu,vlf,hf
5.063731397589526,37.33422571944251,0.5957674049042385,16.801207510808972,62.66577428055749,3.2379654721439195,8.499510641075526
