lf,lfnu,lf_hf,total_power,hfnu,vlf,hf
22.935116508185228,51.53452450237971,1.0633244381334939,58.75382278559442,48.46547549762029,14.249450756070496,21.569255521338697
