lf,lfnu,lf_hf,total_power,hfnu,vlf,hf
40.639030132540704,55.8056215179564,1.262731221361796,93.26734370052199,44.194378482043604,20.44487702579029,32.183436542191004
