lf,lfnu,lf_hf,total_power,hfnu,vlf,hf
12.698837070964316,38.16506194734469,0.6172087035139484,41.303228271305855,61.834938052655296,8.02976709237587,20.574624107965665
