lf,lfnu,lf_hf,total_power,hfnu,vlf,hf
221.86456412876794,34.29861389608312,0.5220379040684858,708.4789580161905,65.7013861039169,61.61735363484043,424.9970402525822
