lf,lfnu,lf_hf,total_power,hfnu,vlf,hf
1751.804615126665,35.19777927480758,0.543156991857906,5336.174606698759,64.80222072519244,359.1429552147115,3225.2270363573825
