lf,lfnu,lf_hf,total_power,hfnu,vlf,hf
22.10555739716968,36.051473425846865,0.5637576869584706,69.0830798538612,63.94852657415314,7.76642536916197,39.211097087529545
