lf,lfnu,lf_hf,total_power,hfnu,vlf,hf
2441.503815019138,33.011737452675426,0.49279883068103064,7971.440311922912,66.98826254732457,575.574467178448,4954.362029725326
