lf,lfnu,lf_hf,total_power,hfnu,vlf,hf
191.66611854476105,28.391599855977773,0.3964842085408308,702.7093357491555,71.60840014402224,27.62896156444282,483.4142556399516
