lf,lfnu,lf_hf,total_power,hfnu,vlf,hf
11236006.056579867,93.7672706794991,15.044335452058965,18743229.523225192,6.232729320500902,6760363.886680155,746859.5799651695
