lf,lfnu,lf_hf,total_power,hfnu,vlf,hf
358.9559691874735,32.39012059633329,0.4790737815541299,1178.4682902504583,67.60987940366671,70.24157612050544,749.2707449424793
