lf,lfnu,lf_hf,total_power,hfnu,vlf,hf
94.96588938239589,31.096365214327683,0.4513022471318711,335.68072243434995,68.90363478567232,30.288472478910602,210.42636057304347
