lf,lfnu,lf_hf,total_power,hfnu,vlf,hf
358.7288842451285,30.418470134653607,0.4371629970413008,1253.02568148058,69.5815298653464,73.71297227087501,820.5838249645766
