lf,lfnu,lf_hf,total_power,hfnu,vlf,hf
1759428.8039428669,82.92864518790107,4.857765895014212,2743168.4476853535,17.071354812098956,621550.7606288184,362188.88311366836
