lf,lfnu,lf_hf,total_power,hfnu,vlf,hf
12566.719579185325,34.67367216494123,0.5307763854794983,38589.99061138396,65.32632783505876,2347.1619908503294,23676.109041348307
