lf,lfnu,lf_hf,total_power,hfnu,vlf,hf
39901.67509036922,44.09016072707829,0.7885939451883216,100721.27667428958,55.9098392729217,10221.096061740074,50598.505522180276
