lf,lfnu,lf_hf,total_power,hfnu,vlf,hf
13334419.07208141,89.24149077515877,8.294968095496122,22094903.448546164,10.758509224841236,7152953.2903209105,1607531.0861438434
