lf,lfnu,lf_hf,total_power,hfnu,vlf,hf
257019.4237496268,70.2671363432127,2.3632818269481546,438716.01053304045,29.732863656787305,72941.28692079373,108755.29986261991
