lf,lfnu,lf_hf,total_power,hfnu,vlf,hf
530.4091185177801,36.02337845546958,0.5630709716422865,1660.0055177420027,63.976621544530424,187.60303563320457,941.9933635910179
