lf,lfnu,lf_hf,total_power,hfnu,vlf,hf
148983189.26859194,97.45754339677171,38.332038105596666,531383458.3506651,2.5424566032282647,378513619.7769103,3886649.3051628177
