lf,lfnu,lf_hf,total_power,hfnu,vlf,hf
42046.35366602271,37.96835473010782,0.6120804077485305,125888.75667274403,62.0316452698922,15148.236139519135,68694.16686720219
