lf,lfnu,lf_hf,total_power,hfnu,vlf,hf
181949374.1843247,96.09539095818737,24.610758703149802,470210624.0678096,3.9046090418126207,280868167.1923349,7393082.691149947
