lf,lfnu,lf_hf,total_power,hfnu,vlf,hf
13.894660627774783,44.815659700925025,0.8121082803208985,40.2653112668761,55.18434029907496,9.261281156642132,17.109369482459176
