lf,lfnu,lf_hf,total_power,hfnu,vlf,hf
12711316.507104462,94.08050459832077,15.893331815348956,25270442.840158455,5.9194954016792565,11759337.046906423,799789.2861475736
