lf,lfnu,lf_hf,total_power,hfnu,vlf,hf
113597448.5575272,95.00009231771148,19.000369277664007,464299716.69408005,4.999907682288543,344723571.2545366,5978696.882016253
