lf,lfnu,lf_hf,total_power,hfnu,vlf,hf
76.2508281337234,31.87177068585906,0.4678203294980344,258.44069152844537,68.12822931414092,19.198169092895398,162.99169430182656
