lf,lfnu,lf_hf,total_power,hfnu,vlf,hf
372.3336431280963,25.256497076026474,0.337908929712814,1644.8767508581755,74.74350292397352,170.6673939259496,1101.8757138041294
