lf,lfnu,lf_hf,total_power,hfnu,vlf,hf
288882.49813880876,65.8734723119774,1.9302717497126736,504646.51851507335,34.1265276880226,66105.04195428343,149658.97842198113
