lf,lfnu,lf_hf,total_power,hfnu,vlf,hf
76.29136687423562,33.509056789725165,0.5039642268835648,258.22416458963943,66.49094321027484,30.55029315548812,151.38250455991567
