lf,lfnu,lf_hf,total_power,hfnu,vlf,hf
751780003.8799895,97.09094937929959,33.375476070583176,15126736221.53139,2.9090506207003477,14352431295.39141,22524922.25998841
