lf,lfnu,lf_hf,total_power,hfnu,vlf,hf
32124.669729978203,54.15084095968864,1.1810650858847447,67331.43395794672,45.849159040311335,8007.0187491548895,27199.745478813617
