lf,lfnu,lf_hf,total_power,hfnu,vlf,hf
667017431.3832785,97.33051833786654,36.460455869953094,1945375030.840825,2.669481662133473,1260063329.2552652,18294270.20228139
