lf,lfnu,lf_hf,total_power,hfnu,vlf,hf
1164506.800706579,69.6151650634359,2.291115459694774,2046799.7974562058,30.384834936564104,374022.3219658619,508270.6747837651
