lf,lfnu,lf_hf,total_power,hfnu,vlf,hf
3326544.6425326816,94.89609233593316,18.592830940895098,5190026.599036691,5.10390766406682,1684566.5103781628,178915.44612584612
