lf,lfnu,lf_hf,total_power,hfnu,vlf,hf
19.140667842337777,58.46395978661406,1.4075477461564259,47.450134000001874,41.536040213385945,14.710873929013259,13.598592228650839
