lf,lfnu,lf_hf,total_power,hfnu,vlf,hf
24.604898109067694,44.34208143326327,0.7966895380770447,71.7230595988143,55.65791856673674,16.234238790753857,30.883922698992755
