lf,lfnu,lf_hf,total_power,hfnu,vlf,hf
48.25108905083582,32.834654639993545,0.48886303590042895,161.53339288984208,67.16534536000644,14.581675017759991,98.70062882124626
