lf,lfnu,lf_hf,total_power,hfnu,vlf,hf
4627941379.308329,98.39832266802001,61.43454783515493,177740527094.65204,1.6016773319801854,173037254463.7534,75331251.59033178
