lf,lfnu,lf_hf,total_power,hfnu,vlf,hf
5429153.433518004,87.44641236658912,6.965850314682467,8782924.839077383,12.553587633410878,2574375.755601964,779395.6499574147
