lf,lfnu,lf_hf,total_power,hfnu,vlf,hf
472790.2067286908,84.25021353974098,5.349292433413442,714742.3052625069,15.749786460259008,153568.4080525316,88383.6904812845
