lf,lfnu,lf_hf,total_power,hfnu,vlf,hf
77768.85380997494,56.53135050484295,1.3005085541279873,158401.2963835614,43.468649495157045,20833.640356464333,59798.8022171221
