lf,lfnu,lf_hf,total_power,hfnu,vlf,hf
510499047.94161963,98.04543625604325,50.16231195282612,2111346802.975607,1.9545637439567696,1590670810.8687801,10176944.165207248
