lf,lfnu,lf_hf,total_power,hfnu,vlf,hf
16.892735137810977,55.825826923044374,1.2637662017077367,46.46754731869301,44.174173076955626,16.207834083996946,13.366978096885086
