lf,lfnu,lf_hf,total_power,hfnu,vlf,hf
46426.84147773226,43.34487680152192,0.7650654407664634,128243.83410873153,56.65512319847807,21133.502038063085,60683.490592936185
