lf,lfnu,lf_hf,total_power,hfnu,vlf,hf
1545043.3141344227,66.83407933774218,2.0151431952799097,2833818.863778773,33.16592066225781,522059.16057910037,766716.3890652502
