lf,lfnu,lf_hf,total_power,hfnu,vlf,hf
478510032.16635835,98.05362125962085,50.37746211742958,34167807329.793568,1.9463787403791486,33679798803.41861,9498494.208599754
