lf,lfnu,lf_hf,total_power,hfnu,vlf,hf
10.899032687636673,48.93082491838056,0.9581283590380824,34.882359738727814,51.069175081619434,12.607990349254226,11.375336701836913
