lf,lfnu,lf_hf,total_power,hfnu,vlf,hf
26.509523246122704,34.10765852354749,0.5176270528455315,95.37025199628711,65.89234147645251,17.647170454876488,51.21355829528792
