lf,lfnu,lf_hf,total_power,hfnu,vlf,hf
502.05726862261315,33.46227467138069,0.5029068022105626,1612.366956261606,66.5377253286193,111.99893420359524,998.3107534353975
