lf,lfnu,lf_hf,total_power,hfnu,vlf,hf
204688605.95436427,97.69733758937113,42.427989938254235,4809555450.859094,2.3026624106291806,4600042468.207831,4824376.696898653
