lf,lfnu,lf_hf,total_power,hfnu,vlf,hf
52.44238103701248,35.38901807551081,0.5477245047423969,169.27454964169095,64.61098192448921,21.08625878514809,95.7459098195304
