lf,lfnu,lf_hf,total_power,hfnu,vlf,hf
2105257.3277948997,81.84038277698326,4.506724000396505,3328206.4270338197,18.159617223016735,755812.1439672685,467136.9552716513
