lf,lfnu,lf_hf,total_power,hfnu,vlf,hf
2416.547119598996,37.30777420518263,0.5950941082756515,6985.023366132187,62.69222579481736,507.6947903006659,4060.781456232525
