lf,lfnu,lf_hf,total_power,hfnu,vlf,hf
3402482.8722425895,74.08465027886542,2.8587169795531526,5377539.53870506,25.91534972113456,784843.4006587205,1190213.26580375
