lf,lfnu,lf_hf,total_power,hfnu,vlf,hf
20288207.312990483,84.03708499383235,5.264519980302009,35267443.734453306,15.96291500616765,11125474.371190082,3853762.0502727414
