lf,lfnu,lf_hf,total_power,hfnu,vlf,hf
389368.79586815916,78.30083476443305,3.6084722114604957,616808.2764026001,21.69916523556697,119535.42223754595,107904.05829689506
