lf,lfnu,lf_hf,total_power,hfnu,vlf,hf
1350653.5761984186,79.62126956901643,3.9070770300764743,2343328.7498672865,20.378730430983584,646981.0484184168,345694.12525045144
