lf,lfnu,lf_hf,total_power,hfnu,vlf,hf
647.626218207494,27.590233702397747,0.38102917759743354,2529.473915248347,72.40976629760225,182.17151399608218,1699.676183044771
