lf,lfnu,lf_hf,total_power,hfnu,vlf,hf
19475.451122716204,48.887574540750535,0.9564714274756386,45634.372143420725,51.112425459249486,5797.151120147571,20361.769900556956
