lf,lfnu,lf_hf,total_power,hfnu,vlf,hf
278636.07537249144,52.93889173653334,1.1248968349865571,612698.829749136,47.06110826346666,86363.52836200185,247699.2260146427
