lf,lfnu,lf_hf,total_power,hfnu,vlf,hf
12901559.271712549,88.96435616393407,8.061546520121176,23314313.166661788,11.03564383606594,8812371.233941087,1600382.6610081538
