lf,lfnu,lf_hf,total_power,hfnu,vlf,hf
829650.7419055994,53.214871808723466,1.1374313562027563,1821274.9568209187,46.785128191276534,262216.9083721475,729407.3065431718
