lf,lfnu,lf_hf,total_power,hfnu,vlf,hf
109243816.45180315,96.95497849621289,31.840490576382123,294877912.1791774,3.0450215037870625,182203124.20418933,3430971.523184866
