lf,lfnu,lf_hf,total_power,hfnu,vlf,hf
301464523.2472827,96.49904727593865,27.56365334862164,944444077.6785107,3.5009527240613134,632042523.7178316,10937030.713396266
