lf,lfnu,lf_hf,total_power,hfnu,vlf,hf
242900.83392164833,68.47754609497213,2.172341858323723,428057.041628998,31.522453905027863,73341.01020934555,111815.1974980041
