lf,lfnu,lf_hf,total_power,hfnu,vlf,hf
634092.9858122895,76.33304362185017,3.22530038937848,975393.9947740033,23.666956378149838,144701.34094304577,196599.66801866793
