lf,lfnu,lf_hf,total_power,hfnu,vlf,hf
37013.6925638153,44.25353911214219,0.7938358490804409,92893.35771934033,55.74646088785781,9253.284390923633,46626.38076460141
