lf,lfnu,lf_hf,total_power,hfnu,vlf,hf
7.308867114515367,56.15368426991769,1.280693333861834,20.33370122804417,43.84631573008232,7.317872953298485,5.7069611602303185
